{
  "model_type": "kgram_mlp_seq",
  "inner_layers": 5,
  "k": 2,
  "chunk_size": 1,
  "block_size": 16,
  "embed_size": 32,
  "activation": "gelu",
  "learning_rate": 0.05,
  "batch_size": 256,
  "tinystories_weight": "0.8",
  "num_epochs": 7,
  "avg_loss": 3.476190185546875,
  "val_loss": 3.34953436255455,
  "perplexity": 32.33629183001795,
  "token_accuracy": 0.4130208492279053,
  "grad_norm": 0.2299056991498716,
  "grad_norm_preclip": 0.36318005892108524,
  "grad_norm_postclip": 0.36318005892108524,
  "max_param_grad": 0.06675291582942008,
  "weight_norm": 1482.0180454831293,
  "epoch": 7
}