{
  "model_type": "kgram_mlp_seq",
  "inner_layers": 5,
  "k": 3,
  "chunk_size": 2,
  "block_size": 16,
  "embed_size": 256,
  "activation": "gelu",
  "learning_rate": 0.001,
  "batch_size": 128,
  "tinystories_weight": "0.8",
  "num_epochs": 2,
  "avg_loss": 5.10161247253418,
  "val_loss": 3.837977573275566,
  "perplexity": 164.28660146911366,
  "token_accuracy": 0.5125000476837158,
  "grad_norm": 0.9999995537725214,
  "grad_norm_preclip": 2.4197866854024985,
  "grad_norm_postclip": 0.9999995688617987,
  "max_param_grad": 0.2111963838338852,
  "weight_norm": 3590.2935962402207,
  "epoch": 2
}