activation,avg_loss,batch_size,block_size,chunk_size,config_name,embed_size,epoch,grad_norm,grad_norm_postclip,grad_norm_preclip,inner_layers,k,learning_rate,max_param_grad,model_type,num_epochs,perplexity,tinystories_weight,token_accuracy,val_loss,weight_norm
gelu,3.484008240699768,256,64,2,kvcache_transformer_tsw0.8_bs256_lr0.001_actgelu_ep7_mlp9_k1_cs2_blk64_emb128_20250414_141554,128,7,0.30289316873382943,0.31108227438021185,0.31108227438021185,9,1,0.001,0.017622248362749816,kvcache_transformer,7,32.590089552564244,0.8,0.3876488208770752,3.394731342792511,2544.8735460148228
relu,4.0477616548538204,256,32,2,kvcache_transformer_tsw0.8_bs256_lr0.05_actrelu_ep10_mlp9_k5_cs2_blk32_emb128_20250414_141511,128,10,0.21431531990132285,0.29693953489928065,0.29693953489928065,9,5,0.05,0.05898246029391885,kvcache_transformer,10,57.26912540489831,0.8,0.28540825843811035,4.052741885185242,2846.172619711266
relu,6.272918677330017,32,64,2,kvcache_transformer_tsw0.8_bs32_lr0.05_actrelu_ep2_mlp9_k4_cs2_blk64_emb256_20250414_141443,256,2,0.11440690040625001,0.39964963838925294,0.40046182303523115,9,4,0.05,0.06421717703342437,kvcache_transformer,2,530.0220859756068,0.8,0.0714285746216774,5.850652354104178,3815.452524846715
relu,3.80217866897583,32,32,2,kvcache_transformer_tsw0.8_bs32_lr0.05_actrelu_ep5_mlp9_k2_cs2_blk32_emb32_20250414_141453,32,5,0.35576259839650415,0.3169095131592043,0.36442235994324157,9,2,0.05,0.0818002101033926,kvcache_transformer,5,44.79867974351346,0.8,0.3397177457809448,3.734321166598608,1585.0117617892404
gelu,3.951694655418396,64,32,1,kvcache_transformer_tsw0.8_bs64_lr0.001_actgelu_ep7_mlp11_k5_cs1_blk32_emb64_20250414_143730,64,7,0.3403548190680502,0.34892268950555344,0.34892268950555344,11,5,0.001,0.03157407520338893,kvcache_transformer,7,52.023454003261946,0.8,0.3961693346500397,3.8466178327798843,1803.569460797921
relu,5.017902588844299,64,64,2,kvcache_transformer_tsw0.8_bs64_lr0.05_actrelu_ep2_mlp11_k4_cs2_blk64_emb32_20250414_141544,32,2,0.596659618535641,0.21881751477170835,0.21881751477170835,11,4,0.05,0.043752874992787835,kvcache_transformer,2,151.09406484293146,0.8,0.19221231341362,4.81865893304348,1407.7821750283927
