{
  "model_type": "kvcache_transformer",
  "inner_layers": 7,
  "k": 4,
  "chunk_size": 2,
  "block_size": 32,
  "embed_size": 128,
  "activation": "gelu",
  "learning_rate": 0.05,
  "batch_size": 128,
  "tinystories_weight": "0.8",
  "num_epochs": 10,
  "avg_loss": 4.3051190853118895,
  "val_loss": 4.3932324051856995,
  "perplexity": 74.07803653369234,
  "token_accuracy": 0.23916329443454742,
  "grad_norm": 0.251836713299431,
  "grad_norm_preclip": 0.6973437297159466,
  "grad_norm_postclip": 0.43213217956692185,
  "max_param_grad": 0.11712003648281097,
  "weight_norm": 2753.465826350721,
  "epoch": 10
}