{
  "model_type": "kgram_mlp_seq",
  "inner_layers": 7,
  "k": 4,
  "chunk_size": 2,
  "block_size": 32,
  "embed_size": 128,
  "activation": "gelu",
  "learning_rate": 0.05,
  "batch_size": 128,
  "tinystories_weight": "0.8",
  "num_epochs": 10,
  "avg_loss": 5.399146366119385,
  "val_loss": 5.3716393411159515,
  "perplexity": 221.2174968313902,
  "token_accuracy": 0.0708165317773819,
  "grad_norm": 0.03254988865209237,
  "grad_norm_preclip": 0.04079280567795012,
  "grad_norm_postclip": 0.04079280567795012,
  "max_param_grad": 0.008470986550673843,
  "weight_norm": 2840.70360426878,
  "epoch": 10
}