{
  "model_type": "kvcache_transformer",
  "inner_layers": 5,
  "k": 2,
  "chunk_size": 2,
  "block_size": 8,
  "embed_size": 32,
  "activation": "gelu",
  "learning_rate": 0.001,
  "batch_size": 256,
  "tinystories_weight": "0.8",
  "num_epochs": 10,
  "avg_loss": 4.444974279403686,
  "val_loss": 4.10388919711113,
  "perplexity": 85.19768647384043,
  "token_accuracy": 0.5959821939468384,
  "grad_norm": 0.9999994783048709,
  "grad_norm_preclip": 1.8501084453478505,
  "grad_norm_postclip": 0.9999995053959042,
  "max_param_grad": 0.25094580203294753,
  "weight_norm": 1280.2896084723895,
  "epoch": 10
}