activation,avg_loss,batch_size,block_size,chunk_size,config_name,embed_size,epoch,grad_norm,grad_norm_postclip,grad_norm_preclip,inner_layers,k,learning_rate,max_param_grad,model_type,num_epochs,perplexity,tinystories_weight,token_accuracy,val_loss,weight_norm
gelu,2.843654584884644,32,16,3,kgram_mlp_seq_tsw0.8_bs32_lr0.001_actgelu_ep5_mlp3_k1_cs3_blk16_emb256_20250414_165151,256,5.0,0.9999991020147112,0.9194318942099672,0.9252562730063132,3,1,0.001,0.0380855334922671,kgram_mlp_seq,5,17.178430993535304,0.8,0.4958333671092987,2.9193519978296187,3591.8764065179807
gelu,4.0215253829956055,32,16,3,lstm_seq_tsw0.8_bs32_lr0.001_actgelu_ep5_mlp3_k1_cs3_blk16_emb256_20250414_165155,256,5.0,0.6241614064888814,0.7111870428872832,0.7111870428872832,3,1,0.001,0.0282944049686193,lstm_seq,5,55.78613618190179,0.8,0.491666704416275,3.7774650596437,3590.49962852442
gelu,,32,16,3,kvcache_transformer_tsw0.8_bs32_lr0.001_actgelu_ep5_mlp3_k1_cs3_blk16_emb256_20250414_165158,256,,,,,3,1,0.001,,kvcache_transformer,5,,0.8,,,
