{
  "model_type": "kgram_mlp_seq",
  "inner_layers": 5,
  "k": 2,
  "chunk_size": 2,
  "block_size": 8,
  "embed_size": 32,
  "activation": "gelu",
  "learning_rate": 0.001,
  "batch_size": 256,
  "tinystories_weight": "0.8",
  "num_epochs": 10,
  "avg_loss": 5.6044275760650635,
  "val_loss": 5.307801127433777,
  "perplexity": 271.6263954738902,
  "token_accuracy": 0.578683078289032,
  "grad_norm": 0.9999996121143534,
  "grad_norm_preclip": 1.9544560068516166,
  "grad_norm_postclip": 0.9999995457791304,
  "max_param_grad": 0.4073623359203339,
  "weight_norm": 1280.6810915825079,
  "epoch": 10
}