{
  "model_type": "kgram_mlp_seq",
  "inner_layers": 5,
  "k": 5,
  "chunk_size": 2,
  "block_size": 32,
  "embed_size": 256,
  "activation": "relu",
  "learning_rate": 0.001,
  "batch_size": 32,
  "tinystories_weight": "0.8",
  "num_epochs": 5,
  "avg_loss": 3.8157750606536864,
  "val_loss": 3.8075890389699785,
  "perplexity": 45.4119397542737,
  "token_accuracy": 0.3780241906642914,
  "grad_norm": 0.999999261298344,
  "grad_norm_preclip": 1.2692921530622656,
  "grad_norm_postclip": 0.9999992368658054,
  "max_param_grad": 0.03940202835947275,
  "weight_norm": 3591.418422395797,
  "epoch": 5
}