{
  "model_type": "kgram_mlp_seq",
  "inner_layers": 3,
  "k": 3,
  "chunk_size": 2,
  "block_size": 32,
  "embed_size": 64,
  "activation": "gelu",
  "learning_rate": 0.001,
  "batch_size": 128,
  "tinystories_weight": "0.8",
  "num_epochs": 7,
  "avg_loss": 5.514613246917724,
  "val_loss": 5.273735702037811,
  "perplexity": 248.29393023260454,
  "token_accuracy": 0.3452620804309845,
  "grad_norm": 0.9999991442753765,
  "grad_norm_preclip": 1.0493340913779392,
  "grad_norm_postclip": 0.9999991504992456,
  "max_param_grad": 0.14006729423999786,
  "weight_norm": 1800.8468214810346,
  "epoch": 7
}