{
  "model_type": "kvcache_transformer",
  "inner_layers": 5,
  "k": 3,
  "chunk_size": 2,
  "block_size": 16,
  "embed_size": 256,
  "activation": "gelu",
  "learning_rate": 0.001,
  "batch_size": 128,
  "tinystories_weight": "0.8",
  "num_epochs": 2,
  "avg_loss": 3.9700757265090942,
  "val_loss": 3.1745977848768234,
  "perplexity": 52.988543325156485,
  "token_accuracy": 0.5328125357627869,
  "grad_norm": 0.5761793540483682,
  "grad_norm_preclip": 1.0043681410316414,
  "grad_norm_postclip": 0.8651244997866531,
  "max_param_grad": 0.046948861330747604,
  "weight_norm": 3591.5587511153867,
  "epoch": 2
}