{
  "model_type": "kgram_mlp_seq",
  "inner_layers": 11,
  "k": 4,
  "chunk_size": 3,
  "block_size": 32,
  "embed_size": 128,
  "activation": "gelu",
  "learning_rate": 0.05,
  "batch_size": 128,
  "tinystories_weight": "0.8",
  "num_epochs": 5,
  "avg_loss": 5.414844036102295,
  "val_loss": 5.396080851554871,
  "perplexity": 224.71749512895377,
  "token_accuracy": 0.07106854766607285,
  "grad_norm": 0.051047064745800425,
  "grad_norm_preclip": 0.06282095426801508,
  "grad_norm_postclip": 0.06282095426801508,
  "max_param_grad": 0.012337192147970199,
  "weight_norm": 2709.2424727832818,
  "epoch": 5
}