{
  "model_type": "kgram_mlp_seq",
  "inner_layers": 9,
  "k": 4,
  "chunk_size": 3,
  "block_size": 32,
  "embed_size": 256,
  "activation": "gelu",
  "learning_rate": 0.05,
  "batch_size": 256,
  "tinystories_weight": "0.8",
  "num_epochs": 10,
  "avg_loss": 5.380211639404297,
  "val_loss": 5.364497125148773,
  "perplexity": 217.06821075072855,
  "token_accuracy": 0.07119455188512802,
  "grad_norm": 0.02839298192002925,
  "grad_norm_preclip": 0.028598210678962493,
  "grad_norm_postclip": 0.028598210678962493,
  "max_param_grad": 0.005897368770092726,
  "weight_norm": 3942.327257270628,
  "epoch": 10
}