{
  "model_type": "kgram_mlp_seq",
  "inner_layers": 5,
  "k": 5,
  "chunk_size": 2,
  "block_size": 64,
  "embed_size": 256,
  "activation": "gelu",
  "learning_rate": 0.001,
  "batch_size": 128,
  "tinystories_weight": "0.8",
  "num_epochs": 2,
  "avg_loss": 6.581429529190063,
  "val_loss": 5.572057127952576,
  "perplexity": 721.5700978342647,
  "token_accuracy": 0.2441716343164444,
  "grad_norm": 0.9999992537030419,
  "grad_norm_preclip": 1.6304571521357438,
  "grad_norm_postclip": 0.9999993934454103,
  "max_param_grad": 0.11909139528870583,
  "weight_norm": 3590.1505259629785,
  "epoch": 2
}