{
  "model_type": "kgram_mlp_seq",
  "inner_layers": 9,
  "k": 3,
  "chunk_size": 3,
  "block_size": 128,
  "embed_size": 32,
  "activation": "relu",
  "learning_rate": 0.0125,
  "batch_size": 128,
  "tinystories_weight": "0.8",
  "num_epochs": 10,
  "avg_loss": 5.9259013652801515,
  "val_loss": 5.920767277479172,
  "perplexity": 374.6159490357181,
  "token_accuracy": 0.06606791168451309,
  "grad_norm": 0.030268850306244464,
  "grad_norm_preclip": 0.04277515169293367,
  "grad_norm_postclip": 0.04277515169293367,
  "max_param_grad": 0.008999408362433315,
  "weight_norm": 1467.354349949893,
  "epoch": 10
}