{
  "model_type": "kgram_mlp_seq",
  "inner_layers": 3,
  "k": 1,
  "chunk_size": 2,
  "block_size": 128,
  "embed_size": 32,
  "activation": "relu",
  "learning_rate": 0.05,
  "batch_size": 128,
  "tinystories_weight": "0.8",
  "num_epochs": 2,
  "avg_loss": 6.070680475234985,
  "val_loss": 5.941646873950958,
  "perplexity": 432.9752102613177,
  "token_accuracy": 0.0664370059967041,
  "grad_norm": 0.15112077326373918,
  "grad_norm_preclip": 0.21098582543721758,
  "grad_norm_postclip": 0.21098582543721758,
  "max_param_grad": 0.06907246708869934,
  "weight_norm": 1358.195306811244,
  "epoch": 2
}