{
  "model_type": "kvcache_transformer",
  "inner_layers": 11,
  "k": 4,
  "chunk_size": 3,
  "block_size": 32,
  "embed_size": 128,
  "activation": "gelu",
  "learning_rate": 0.05,
  "batch_size": 128,
  "tinystories_weight": "0.8",
  "num_epochs": 5,
  "avg_loss": 4.418265247344971,
  "val_loss": 4.388437837362289,
  "perplexity": 82.952258818026,
  "token_accuracy": 0.2535282075405121,
  "grad_norm": 0.19427574992096708,
  "grad_norm_preclip": 0.315661886687505,
  "grad_norm_postclip": 0.28813710005922133,
  "max_param_grad": 0.05167021714150906,
  "weight_norm": 2693.941567678317,
  "epoch": 5
}