{
  "model_type": "kvcache_transformer",
  "inner_layers": 3,
  "k": 2,
  "chunk_size": 3,
  "block_size": 32,
  "embed_size": 256,
  "activation": "gelu",
  "learning_rate": 0.05,
  "batch_size": 64,
  "tinystories_weight": "0.8",
  "num_epochs": 7,
  "avg_loss": 4.950111341476441,
  "val_loss": 4.893653690814972,
  "perplexity": 141.19068342549647,
  "token_accuracy": 0.18497982621192932,
  "grad_norm": 0.6239409174676758,
  "grad_norm_preclip": 0.8918580319768614,
  "grad_norm_postclip": 0.38563009472616133,
  "max_param_grad": 0.15958256609737873,
  "weight_norm": 3873.774500876901,
  "epoch": 7
}