{
  "model_type": "lstm_seq",
  "inner_layers": 3,
  "k": 1,
  "chunk_size": 3,
  "block_size": 16,
  "embed_size": 256,
  "activation": "gelu",
  "learning_rate": 0.001,
  "batch_size": 32,
  "tinystories_weight": "0.8",
  "num_epochs": 5,
  "avg_loss": 3.974962854385376,
  "val_loss": 3.7471924093034534,
  "perplexity": 53.24813893415106,
  "token_accuracy": 0.4750000238418579,
  "grad_norm": 0.5530400434418993,
  "grad_norm_preclip": 0.670705182728869,
  "grad_norm_postclip": 0.670705182728869,
  "max_param_grad": 0.027006127312779425,
  "weight_norm": 3590.5106849010444,
  "epoch": 5
}