{
  "model_type": "kvcache_transformer",
  "inner_layers": 3,
  "k": 1,
  "chunk_size": 3,
  "block_size": 16,
  "embed_size": 256,
  "activation": "gelu",
  "learning_rate": 0.001,
  "batch_size": 32,
  "tinystories_weight": "0.8",
  "num_epochs": 5,
  "avg_loss": 2.628143787384033,
  "val_loss": 2.720781750149197,
  "perplexity": 13.848041121837268,
  "token_accuracy": 0.6166666746139526,
  "grad_norm": 0.7610037653923845,
  "grad_norm_preclip": 0.7317532694280044,
  "grad_norm_postclip": 0.7317532694280044,
  "max_param_grad": 0.03801537044346333,
  "weight_norm": 3593.4138225519528,
  "epoch": 5
}