{
  "model_type": "kgram_mlp_seq",
  "inner_layers": 9,
  "k": 1,
  "chunk_size": 1,
  "block_size": 16,
  "embed_size": 32,
  "activation": "gelu",
  "learning_rate": 0.001,
  "batch_size": 32,
  "tinystories_weight": "0.8",
  "num_epochs": 2,
  "avg_loss": 10.136571788787842,
  "val_loss": 9.866828282674154,
  "perplexity": 25249.756441804162,
  "token_accuracy": 0.0625,
  "grad_norm": 0.9999992214149542,
  "grad_norm_preclip": 1.2964701395925282,
  "grad_norm_postclip": 0.999999287899547,
  "max_param_grad": 0.21758184283971788,
  "weight_norm": 1275.375980875721,
  "epoch": 2
}