{
  "model_type": "lstm_seq",
  "inner_layers": 3,
  "k": 1,
  "chunk_size": 2,
  "block_size": 128,
  "embed_size": 32,
  "activation": "relu",
  "learning_rate": 0.05,
  "batch_size": 128,
  "tinystories_weight": "0.8",
  "num_epochs": 2,
  "avg_loss": 6.303820705413818,
  "val_loss": 6.06758576631546,
  "perplexity": 546.6565388112987,
  "token_accuracy": 0.15809547901153564,
  "grad_norm": 0.2086835933822212,
  "grad_norm_preclip": 0.3259041391532108,
  "grad_norm_postclip": 0.3259041391532108,
  "max_param_grad": 0.04091992508620024,
  "weight_norm": 1302.4797192717522,
  "epoch": 2
}