{
  "model_type": "kvcache_transformer",
  "inner_layers": 11,
  "k": 3,
  "chunk_size": 2,
  "block_size": 8,
  "embed_size": 128,
  "activation": "gelu",
  "learning_rate": 0.05,
  "batch_size": 32,
  "tinystories_weight": "0.8",
  "num_epochs": 5,
  "avg_loss": 2.3708465695381165,
  "val_loss": 2.997705800192697,
  "perplexity": 10.70645220494147,
  "token_accuracy": 0.5178571939468384,
  "grad_norm": 0.9999998598117806,
  "grad_norm_preclip": 5.75786991159097,
  "grad_norm_postclip": 0.46745906546945193,
  "max_param_grad": 0.6656969521194697,
  "weight_norm": 2875.1115841792853,
  "epoch": 5
}