{
  "model_type": "kgram_mlp_seq",
  "inner_layers": 7,
  "k": 5,
  "chunk_size": 1,
  "block_size": 64,
  "embed_size": 256,
  "activation": "gelu",
  "learning_rate": 0.05,
  "batch_size": 32,
  "tinystories_weight": "0.8",
  "num_epochs": 2,
  "avg_loss": 6.258561468124389,
  "val_loss": 5.989918156275674,
  "perplexity": 522.4668140930581,
  "token_accuracy": 0.0699404776096344,
  "grad_norm": 0.25923381513573235,
  "grad_norm_preclip": 0.4666125139862055,
  "grad_norm_postclip": 0.4666125139862055,
  "max_param_grad": 0.08340630941092968,
  "weight_norm": 3741.908073598865,
  "epoch": 2
}